<?xml version="1.0" encoding="UTF-8"?>
<beans xmlns="http://www.springframework.org/schema/beans"
	xmlns:xsi="http://www.w3.org/2001/XMLSchema-instance"
	xsi:schemaLocation="http://www.springframework.org/schema/beans http://www.springframework.org/schema/beans/spring-beans.xsd">

	<!-- LogProvider logProvider = new LogProvider(); -->
	<bean id="logProvider" class="tw.tylu.util.LogProvider" />

	<!-- String string0 = new String("hi"); -->
	<bean id="string0" name="string1, string2"
		class="java.lang.String">
		<constructor-arg value="hi"></constructor-arg>
		<!-- 也可以寫單標籤結尾(標籤內無內容時) <constructor-arg value="hi" /> -->
		<!-- 但這時的 bean 就不能單標籤結尾，因為標籤內有其他標籤 -->
	</bean>

	<!-- LoginDao loginDao = new LoginDao(); -->
	<bean id="loginDao" class="tw.tylu.model.LoginDao"></bean>

	<!-- Constructor DI -->
	<!-- LoginService loginService1 = new LoginService(loginDao); -->
	<bean id="loginService1" class="tw.tylu.model.LoginService">
		<constructor-arg ref="loginDao" />
	</bean>

	<!-- Setter DI -->
	<!-- LoginService loginService2 = new LoginService(); -->
	<!-- loginService2.setLoginDao(loginDao); -->
	<bean id="loginService2" class="tw.tylu.model.LoginService">
		<property name="loginDao" ref="loginDao" />
	</bean>

	<!-- Person person1 = new Person("julia", 25) -->
	<bean id="person1" class="tw.tylu.model.Person">
		<constructor-arg index="0" value="julia" />
		<constructor-arg index="1" value="25" />
	</bean>

</beans>