<?xml version="1.0" encoding="UTF-8"?>
<beans xmlns="http://www.springframework.org/schema/beans"
	xmlns:xsi="http://www.w3.org/2001/XMLSchema-instance"
	xmlns:context="http://www.springframework.org/schema/context"
	xmlns:mvc="http://www.springframework.org/schema/mvc"
	xsi:schemaLocation="http://www.springframework.org/schema/beans http://www.springframework.org/schema/beans/spring-beans.xsd
		http://www.springframework.org/schema/context http://www.springframework.org/schema/context/spring-context.xsd
		http://www.springframework.org/schema/mvc http://www.springframework.org/schema/mvc/spring-mvc.xsd">

    <context:annotation-config/>
    <context:component-scan base-package="tw.leonchen"/>
    <mvc:annotation-driven/>
    <mvc:default-servlet-handler/>
    
    <mvc:resources location="/WEB-INF/resources/images/" mapping="/images/**"/>
    <mvc:resources location="/WEB-INF/resources/css/" mapping="/css/**"/>
    
    <mvc:view-controller path="/" view-name="redirect:membersmain.controller"/>
    <mvc:view-controller path="/funny.day" view-name="loginSystem"/>
    
    <bean id="messageSource" class="org.springframework.context.support.ResourceBundleMessageSource">
       <property name="basename" value="i18n.message"/>
       <property name="defaultEncoding" value="UTF-8"/>
    </bean>
    
    <mvc:interceptors>
       <mvc:interceptor>
          <mvc:mapping path="/**"/>
          <bean id="localeChange" class="org.springframework.web.servlet.i18n.LocaleChangeInterceptor">
             <property name="paramName" value="locale"/>
          </bean>
       </mvc:interceptor>
    </mvc:interceptors>
    
    <bean id="localeResolver" class="org.springframework.web.servlet.i18n.SessionLocaleResolver"/>
    
    
    <bean id="viewResolver1" class="org.springframework.web.servlet.view.InternalResourceViewResolver">
       <property name="prefix" value="/WEB-INF/pages/"/>
       <property name="suffix" value=".jsp"/>
       <property name="order" value="6"/>
    </bean>
    
    <bean id="viewResolver2" class="org.springframework.web.servlet.view.InternalResourceViewResolver">
       <property name="prefix" value="/WEB-INF/pages/"/>
       <property name="suffix" value=".html"/>
       <property name="order" value="6"/>
    </bean>

	<bean id="helloController" name="/hello.controller" class="tw.leonchen.controller.HelloController" />

</beans>
